{"cameraMode":{"drawMode":0,"name":"Shaded","section":"Shading Mode"},"sceneLighting":false,"audioPlay":false,"sceneViewState":{"showFog":true,"showMaterialUpdate":false,"showSkybox":true,"showFlares":true,"showImageEffects":true,"showParticleSystems":true},"in2DMode":false,"pivot":{"x":8.439302444458008,"y":1.265295147895813,"z":2.3911359310150148},"rotation":{"x":0.18367034196853639,"y":-0.03096422366797924,"z":0.005788694601505995,"w":0.9824830889701843},"size":7.623997211456299,"orthographic":false}