{"cameraMode":{"drawMode":0,"name":"Shaded","section":"Shading Mode"},"sceneLighting":true,"audioPlay":false,"sceneViewState":{"showFog":true,"showMaterialUpdate":false,"showSkybox":true,"showFlares":true,"showImageEffects":true,"showParticleSystems":true},"in2DMode":false,"pivot":{"x":-268.35406494140627,"y":0.8475148677825928,"z":16.953157424926759},"rotation":{"x":0.182159423828125,"y":0.5909987688064575,"z":-0.13919657468795777,"w":0.7734098434448242},"size":2.313096523284912,"orthographic":false}